{
  "css/style.css": 1713266332329,
  "utils/locate-reuse-libs.js": 1713183458531,
  "model/models.js": 1713183458531,
  "controller/MyTaskUI.controller.js": 1713183458543,
  "controller/App.controller.js": 1713795239724,
  "manifest.json": 1713853178174,
  "Component.js": 1713521293298,
  "controller/MyTaskUI-dbg.controller.js": 1713183458543,
  "controller/MyTaskUI.controller.js.map": 1713853178459,
  "model/models-dbg.js": 1713183458531,
  "model/models.js.map": 1713853178460,
  "utils/locate-reuse-libs-dbg.js": 1713183458531,
  "utils/locate-reuse-libs.js.map": 1713853178487,
  "controller/App-dbg.controller.js": 1713795239724,
  "controller/App.controller.js.map": 1713853178477,
  "Component-dbg.js": 1713521293298,
  "Component.js.map": 1713853178482,
  "Component-preload.js": 1713853178757,
  "Component-preload.js.map": 1713853178757,
  "view/MyTaskUI.view.xml": 1713183545525,
  "view/App.view.xml": 1713811016098,
  "i18n/i18n.properties": 1713183458531,
  "index.html": 1713183458527
}