{
  "controller/App.controller.js.map": 1713853158582,
  "manifest.json": 1713853158283,
  "model/models.js": 1711687609100,
  "controller/MyTaskUI.controller.js": 1711687609112,
  "controller/App.controller.js": 1712991964623,
  "utils/locate-reuse-libs.js": 1711687609100,
  "Component.js": 1713174468063,
  "model/models-dbg.js": 1711687609100,
  "model/models.js.map": 1713853158574,
  "controller/MyTaskUI-dbg.controller.js": 1711687609112,
  "controller/MyTaskUI.controller.js.map": 1713853158574,
  "controller/App-dbg.controller.js": 1712991964623,
  "i18n/i18n.properties": 1711687609100,
  "utils/locate-reuse-libs-dbg.js": 1711687609100,
  "utils/locate-reuse-libs.js.map": 1713853158595,
  "Component-dbg.js": 1713174468063,
  "Component.js.map": 1713853158594,
  "Component-preload.js": 1713853158857,
  "Component-preload.js.map": 1713853158857,
  "view/MyTaskUI.view.xml": 1711943940462,
  "view/App.view.xml": 1713205066324,
  "css/style.css": 1712945433561,
  "index.html": 1711687609092
}