<core:FragmentDefinition xmlns:core="sap.ui.core" xmlns="sap.m" xmlns:macros="sap.fe.macros">
    <VBox id="v1">
            <HBox id="buttonContainer" alignItems="End" justifyContent="End" width="100%">
			<Button id="btn4" core:require="{ handler: 'reimform/ext/fragment/Comments'}" text="Comment History" press="handler.onPress" />

            <!-- <Button  id="btn3" class="buttonhistory" core:require="{ handler: 'app1/ext/fragment/Comments'}" text="Comment History" 
			press="handler.onPress"  icon="sap-icon://comment" /> -->
            <!-- <Button core:require="{ handler: 'app2approval/ext/fragment/Workflow'}" text="Comments" press="handler.onPress" id="b2" icon="sap-icon://comment" /> -->
        </HBox>
      
        <Title text="Level1" id="title1"/>
        <!-- <Button core:require="{ handler: 'headscm2/ext/fragment/Worflow_History'}" text="Workflow History" press="handler.onPress" id="b1" visible="false"/> -->
        <ScrollContainer id="scrollContainer" height="280px" width="100%">
            <Table id="table" >
                <columns>
                    <Column width="11rem" id="c22" styleClass="colClass">
                        <Text text="Title" id="demo"/>
                    </Column>
                    <Column id="c1" width="11rem" styleClass="colClass">
                        <Text text="Employee ID" id="t1"/>
                    </Column>
                    <Column id="c2" width="11rem" styleClass="colClass">
                        <Text text="Employee Name" id="t2" width="11rem"/>
                    </Column>
                    <Column id="c3" width="11rem" styleClass="colClass">
                        <Text text="Begin Date" id="t3" width="11rem"/>
                    </Column>
                    <Column id="c4" width="11rem" styleClass="colClass">
                        <Text text="End Date" id="t4"/>
                    </Column>
                    <Column id="c5" width="11rem" styleClass="colClass">
                        <Text text="Days Taken" id="t5"/>
                    </Column>
                    <Column id="c6" width="11rem" styleClass="colClass">
                        <Text text="Approved By" id="t06"/>
                    </Column>
                </columns>
                <items>
                    <ColumnListItem id="cli1">
                        <cells>
                            <!-- <Text text="Level" id="t14"/> -->
                            <!-- <Text text="Title" id="t6"/>
                            <Text text="Employee_id" id="t7"/>
                            <Text text="Employee_Name" id="t8"/>
                            <Text text="Begin_Date_Time" id="t9"/>
                            <Text text="End_Date_Time" id="t11"/>
                            <Text text="Days_Taken" id="t12"/>
                            <Text text="Approved_By" id="t13"/> -->
                        </cells>
                    </ColumnListItem>
                </items>
            </Table>
		  </ScrollContainer>
    </VBox>
</core:FragmentDefinition>




